source_id,title,publisher,url,publication_date,access_date,version,retrieval,limitations
R001,DJI Mini 4 Pro specifications,DJI,https://www.dji.com/mini-4-pro/specs,unknown,2026-10-05,Mini 4 Pro; live regional page,full_text,Manufacturer performance conditions; not independent testing
R002,Mini 4 Pro user manual,DJI,https://dl.djicdn.com/downloads/DJI_Mini_4_Pro/20240115/DJI_Mini_4_Pro_User_Manual_EN.pdf,2024-01-15,2026-10-05,dated URL; version not extracted,search_excerpt,Manual candidate; full review pending
R003,Using PX4 navigation filter EKF2,PX4,https://docs.px4.io/v1.16/en/advanced_config/tuning_the_ecl_ekf,unknown,2026-10-05,documentation v1.16,full_text,Versioned documentation may receive edits; not a tested firmware pin
R004,CameraCharacteristics,Google Android,https://developer.android.com/reference/android/hardware/camera2/CameraCharacteristics,unknown,2026-10-05,Camera2 API; device capabilities vary,full_text,Timestamp source and capability declarations
R005,SensorEvent,Google Android,https://developer.android.com/reference/android/hardware/SensorEvent,unknown,2026-10-05,Android API,full_text,Monotonic event timestamps and SI sensor values
R006,Kettering Aerial Torpedo Bug,National Museum of the USAF,https://www.nationalmuseum.af.mil/Visit/Museum-Exhibits/Fact-Sheets/Display/Article/198095/kettering-aerial-torpedo-bug/,unknown,2026-10-05,museum fact sheet,search_excerpt,Direct page returned 403; museum exhibit is a reproduction
R007,This Week in AFLCMC History October 2-8 2023,USAF AFLCMC,https://www.aflcmc.af.mil/NEWS/Article-Display/Article/3545422/this-week-in-aflcmc-history-october-2-8-2023/,2023,2026-10-05,historical institutional account,search_excerpt,2 October 1918 first flight test attribution
R008,History of ArduPilot,ArduPilot,https://ardupilot.org/dev/docs/common-history-of-ardupilot.html,unknown,2026-10-05,living project history,full_text,Participant account; disputes require independent corroboration
R009,License GPLv3,ArduPilot,https://ardupilot.org/dev/docs/license-gplv3.html,unknown,2026-10-05,GPLv3 project guidance,full_text,Read exact dependency licenses for distribution
R010,PX4 LICENSE,PX4 contributors,https://github.com/PX4/PX4-Autopilot/blob/main/LICENSE,unknown,2026-10-05,main; unpinned,full_text,BSD-3-Clause main license; dependency audit separate
R011,PX4 system architecture,PX4,https://docs.px4.io/v1.16/en/concept/px4_systems_architecture,unknown,2026-10-05,documentation v1.16,full_text,Control/middleware structure
R012,PX4 simulation,PX4,https://docs.px4.io/v1.16/en/simulation/,unknown,2026-10-05,documentation v1.16,full_text,SITL and HITL; no AER execution performed
R013,Camera IMU calibration,ETH Zurich ASL,https://github.com/ethz-asl/kalibr/wiki/camera-imu-calibration,unknown,2026-10-05,living Kalibr wiki,full_text,Spatial and temporal calibration; pin implementation before use
R014,Propeller analysis,NASA Glenn,https://www.grc.nasa.gov/www/k-12/airplane/propanl.html,unknown,2026-10-05,educational momentum theory,full_text,Ideal actuator disk; not a real motor performance curve
R015,Message signing authentication,MAVLink,https://mavlink.io/en/guide/message_signing.html,unknown,2026-10-05,MAVLink 2,full_text,Signing not encryption
R016,Crazyflie 2.1 Brushless datasheet,Bitcraze,https://www.bitcraze.io/documentation/hardware/crazyflie_2_1_brushless/crazyflie_2_1_brushless-datasheet.pdf,unknown,2026-10-05,Rev 3,full_text,Advertised data; payload and endurance not simultaneous guarantees
R017,Crazyflie Brushless product,Bitcraze,https://www.bitcraze.io/products/crazyflie-2-1-brushless/,unknown,2026-10-05,2.1 Brushless,search_excerpt,Product existence; no India stock verification
R018,Optimized brushless motors,Bitcraze,https://www.bitcraze.io/2024/08/the-optimized-crazyflie-2-1-brushless-motors/,2024-08,2026-10-05,development blog,search_excerpt,Vendor explanation of propulsion matching
R019,Crazyflie schematics,Bitcraze,https://www.bitcraze.io/documentation/hardware/crazyflie_2_1_brushless/cf2.1_bl_schematics_Rev.G.pdf,unknown,2026-10-05,Rev G,search_excerpt,Diagram reference; electrical design not audited
R020,Crazyswarm: A Large Nano-Quadcopter Swarm,USC Robotics,https://robotics.usc.edu/publications/959/,2017,2026-10-05,ICRA 2017 bibliographic record,search_excerpt,Paper identified; no reproduced performance
R021,Crazyswarm documentation,Crazyswarm authors,https://crazyswarm.readthedocs.io/en/latest/,unknown,2026-10-05,documentation 0.3,full_text,Legacy stack; do not assume Brushless compatibility
R022,Wingtra technical specifications,Wingtra,https://wingtra.com/wp-content/uploads/Wingtra-Technical-Specifications.pdf,2024-08,2026-10-05,WingtraOne GEN II,full_text,Document includes payload/mass inconsistency; see comparisons
R023,Trinity Pro,Quantum Systems,https://quantum-systems.com/us/trinity-pro/,unknown,2026-10-05,Trinity Pro,search_excerpt,Product candidate; detailed spec review pending
R024,The RoboBee flies solo,Harvard Wyss,https://wyss.harvard.edu/news/the-robobee-flies-solo/,2019-06-26,2026-10-05,RoboBee X-Wing demonstration,full_text,Artificial illumination; no onboard steering/control in cited demo
R025,Ingenuity historic first flight,NASA,https://www.nasa.gov/news-release/nasas-ingenuity-mars-helicopter-succeeds-in-historic-first-flight/,2021-04-19,2026-10-05,first flight announcement,search_excerpt,Institutional mission evidence
R026,Ingenuity first-flight Navcam view,NASA JPL-Caltech,https://www.jpl.nasa.gov/images/pia24586-perseverances-navcam-view-of-ingenuitys-first-flight/,2021-04-19,2026-10-05,PIA24586,full_text,Image/animation page inspected; footage not played
R027,Zephyr 67-day flight,AALTO,https://www.aaltohaps.com/zephyr-sets-world-record-for-longest-continuous-flight-flying-67-days-in-stratosphere/,2025-05,2026-10-05,flight ended 2025-04-28,search_excerpt,Manufacturer-reported demonstration; not service reliability
R028,Yamaha unmanned helicopter history,Yamaha Motor,https://global.yamaha-motor.com/stories/history/stories/0044.html,unknown,2026-10-05,R-50 and RMAX company history,search_excerpt,R-50 1987; RMAX sales October 1997
R029,RQ-4 Global Hawk fact sheet,US Air Force,https://www.af.mil/About-Us/Fact-Sheets/Display/Article/104516/rq-4-global-hawk/,unknown,2026-10-05,variant-unspecified fact sheet,search_excerpt,Public ISR role only; not current fleet inventory
R030,Orion 2 50-hour test,Elistair,https://elistair.com/company-news/key-facts/orion-2-persistent-drone-50-hour-flight-test/,unknown,2026-10-05,Orion 2,search_excerpt,Vendor test; external power required
R031,GL-10 flight testing campaign,NASA NTRS,https://ntrs.nasa.gov/citations/20170007194,2017,2026-10-05,technical report record,search_excerpt,Tiltwing demonstrator; report review pending
R032,AirJelly,Festo,https://media.festo.com/media/113678_documentation.pdf,unknown,2026-10-05,AirJelly technical brochure,search_excerpt,Lighter-than-air reference; details pending
R033,Elios 3 launch,Flyability,https://www.flyability.com/news/elios-3-launch,2022-05-19,2026-10-05,Elios 3,search_excerpt,Indoor collision-tolerant lidar inspection product
R034,Zipline Platform 2 announcement,Zipline,https://www.zipline.com/newsroom/zipline-unveils-new-autonomous-system-capable-of-quiet-fast-and-precise-home-delivery,2023,2026-10-05,P2 announcement,search_excerpt,Announcement does not establish current deployment or reliability
R035,Phantom launch,DJI,https://www.dji.com/media-center/announcements/dji-launches-industry-best-easiest-to-fly-quadcopter-for-consumer-use,2013-01-07,2026-10-05,original Phantom,full_text,Historical announcement; first-in-industry marketing not adopted
R036,DJI company overview,DJI,https://www.dji.com/company,unknown,2026-10-05,company account,full_text,2006 origin and Shenzhen headquarters; no internal BOM
R037,Dock 2 specifications,DJI,https://enterprise.dji.com/dock-2/specs,unknown,2026-10-05,Dock 2,full_text,Dock and aircraft must remain distinct
R038,AGRAS T50 specifications,DJI,https://ag.dji.com/t50/specs,unknown,2026-10-05,T50; regional Chinese page,full_text,Agricultural coaxial platform; no India availability established
R039,Drone import policy,DGFT via MoCA,https://www.civilaviation.gov.in/sites/default/files/migration/Drone_Import_Policy_9_Feb_2022.pdf,2022-02-09,2026-10-05,Notification 54/2015-2020; pages 1-2,full_text,Historical legal text; current consolidated schedule not verified
R040,Drone Rules 2021 entry,MoCA,https://www.civilaviation.gov.in/ministry-documents/rules/drones-rules-2021-dated-25-august-2021,2021-08-25,2026-10-05,final-rule landing page,full_text,Linked gazette PDF timed out; no full-text verification
R041,Drone Amendment Rules 2023,MoCA,"https://www.civilaviation.gov.in/sites/default/files/2023-10/Drone%20(Amendment)%20Rules,%202023.pdf",2023-10-03,2026-10-05,Gazette amendment; notification dated 2023-09-27,full_text,Form D-4 amendment; effective on Gazette publication; not consolidated rules
R042,Draft Civil Drone Promotion and Regulation Bill 2025,MoCA,https://www.civilaviation.gov.in/sites/default/files/2025-09/Draft%20Civil%20Drone%20%28Promotion%20and%20Regulation%29%20Bill%202025.pdf,2025,2026-10-05,draft bill,search_excerpt,Not treated as enacted law
R043,India strategic trade controls,Ministry of External Affairs,https://www.mea.gov.in/India-Strategic-Trade-Controls-and-SCOMET-List,2026-04-10,2026-10-05,official navigation page,search_excerpt,Direct retrieval failed; exact current classification unresolved
R044,Equipment Type Approval,DoT,https://eservices.dot.gov.in/equipment-type-approval-eta,unknown,2026-10-05,portal,failed,Direct retrieval error; no current ETA procedure asserted
R045,Pixhawk 6X,Holybro,https://holybro.com/products/pixhawk-6x,unknown,2026-10-05,Rev 8; Standard v2A / PM02D,full_text,Page currently lists different IMUs from older revisions; USD 422.99 displayed
R046,ZED-F9P,u-blox,https://www.u-blox.com/en/product/zed-f9p-module,unknown,2026-10-05,ZED-F9P family,full_text,Exact suffix and firmware matter
R047,BMI088,Bosch Sensortec,https://www.bosch-sensortec.com/en/products/motion-sensors/imus/bmi088,unknown,2026-10-05,BMI088,full_text,Sensor vendor evidence; wafer/package origin unknown
R048,P45B,Molicel,https://www.molicel.com/inr-21700-p45b/,unknown,2026-10-05,INR-21700-P45B,full_text,Cell not assembled drone pack
R049,Propulsion products,Vector Technics,https://www.vectortechnics.com/,unknown,2026-10-05,vendor catalog,full_text,Indian manufacturing claims; no factory audit
R050,UAV camera solutions,e-con Systems,https://www.e-consystems.com/markets/industrial-cameras/uav-drone-camera-solutions.asp,unknown,2026-10-05,camera-module portfolio,full_text,Module design/integration not semiconductor fabrication
R051,PCB assembly India,LionCircuits,https://www.lioncircuits.com/pcb-assembly,unknown,2026-10-05,service portfolio,full_text,Service evidence; lot and process qualification unverified
R052,Drone batteries,Voltherm Technologies,https://www.volthermtechnologies.com/products/drone-batteries,unknown,2026-10-05,pack portfolio,full_text,Pack claims do not establish cell origin
R053,Drone parts,Robu,https://robu.in/product-category/drone-parts/,unknown,2026-10-05,retail catalog,full_text,Retail channel not origin or live inventory proof
R054,Mini 4 Pro video tutorials,DJI,https://www.dji.com/mini-4-pro/video,unknown,2026-10-05,video index,full_text,Page inspected; videos not played or timestamped
R055,PX4 controller diagrams,PX4,https://docs.px4.io/v1.16/en/flight_stack/controller_diagrams,unknown,2026-10-05,documentation v1.16,full_text,Controller architecture reference
R056,NASA FY2001 performance report,NASA,https://www.nasa.gov/wp-content/uploads/2023/10/fy-2001-performance-report.pdf,2001,2026-10-05,FY2001; later upload,search_excerpt,Helios record August 2001; upload date is not event date
R057,A brief history of drones,Imperial War Museums,https://www.iwm.org.uk/history/a-brief-history-of-drones,unknown,2026-10-05,museum history,failed,403; historical milestones not extracted from this page
R058,ESC reference design,STMicroelectronics,https://www.st.com/en/evaluation-tools/steval-esc001v1.html,unknown,2026-10-05,STEVAL-ESC001V1,full_text,Design reference not qualified AER flight hardware
R059,Global shutter image sensors,Sony Semiconductor Solutions,https://www.sony-semicon.com/en/products/is/industry/global-shutter.html,unknown,2026-10-05,industrial sensor portfolio,full_text,Exact sensor SKU and supply chain not selected
R060,Jetson Orin,NVIDIA,https://www.nvidia.com/en-us/autonomous-machines/embedded-systems/jetson-orin/,unknown,2026-10-05,module family,full_text,Peak compute is not measured pipeline latency
R061,Propeller technical information,APC,https://www.apcprop.com/technical-information/,unknown,2026-10-05,manufacturer technical resources,full_text,Use exact propeller performance and operating limits
R062,Carbon fiber products,Toray Composite Materials America,https://www.toraycma.com/products/carbon-fiber/,unknown,2026-10-05,materials portfolio,full_text,Material manufacturer not finished-airframe supplier
R063,Global Critical Minerals Outlook 2026 executive summary,IEA,https://www.iea.org/reports/global-critical-minerals-outlook-2026/executive-summary,2026,2026-10-05,2026 outlook,full_text,Macroeconomic supply analysis; does not identify drone OEM BOMs
R064,NETRA V4 PRO,ideaForge,https://ideaforgetech.com/security-and-surveillance/netra-v4-pro,unknown,2026-10-05,NETRA V4 PRO,full_text,Vendor product evidence; domestic content not audited
R065,Drone product catalog,Dhaksha,https://dhakshadrones.com/products/,unknown,2026-10-05,includes DH-Agrigator-E10,full_text,Vendor agricultural product evidence; exact certifications not verified
R066,Parliamentary answer on drones,Ministry of Civil Aviation / Rajya Sabha,https://sansad.in/getFile/annex/271/AU16_BZJkhB.pdf?source=pqars,2026-07-20,2026-10-05,Unstarred Question 16,full_text,Official contemporary summary; not consolidated legal text
