supplier_id,name,role,categories,official_product_url,region_context,manufacturing_location,price,currency,market,price_date,moq,lead_time,documentation,certification_scope,support_traceability,alternative_constraint,source_ids,checked_date,evidence
S01,Holybro,board designer/vendor,autopilot,https://holybro.com/products/pixhawk-6x,global,unknown; not inferred from headquarters,422.99,USD,official online store; Standard v2A / PM02D SKU 11073+18117+15011,2026-10-05,1 listed,unknown,Rev 8 specifications; linked firmware compatibility,not independently verified,request revision and lot documentation,requalify interface and performance; no drop-in claim,R045,2026-10-05,M
S02,u-blox,module designer/vendor,GNSS,https://www.u-blox.com/en/product/zed-f9p-module,global,unknown; not inferred from headquarters,unknown,unknown,unknown,unknown,unknown,unknown,official product/service page,not independently verified,request revision and lot documentation,requalify interface and performance; no drop-in claim,R046,2026-10-05,M
S03,Bosch Sensortec,sensor designer/manufacturer,MEMS IMU,https://www.bosch-sensortec.com/en/products/motion-sensors/imus/bmi088,global,unknown; not inferred from headquarters,unknown,unknown,unknown,unknown,unknown,unknown,official product/service page,not independently verified,request revision and lot documentation,requalify interface and performance; no drop-in claim,R047,2026-10-05,M
S04,Molicel,cell manufacturer,battery cells,https://www.molicel.com/inr-21700-p45b/,global,unknown; not inferred from headquarters,unknown,unknown,unknown,unknown,unknown,unknown,official product/service page,not independently verified,request revision and lot documentation,requalify interface and performance; no drop-in claim,R048,2026-10-05,M
S05,Vector Technics,propulsion designer/manufacturer claim,motors; ESCs; propellers,https://www.vectortechnics.com/,India supplier context,unknown; not inferred from headquarters,unknown,unknown,unknown,unknown,unknown,unknown,official product/service page,not independently verified,request revision and lot documentation,requalify interface and performance; no drop-in claim,R049,2026-10-05,M
S06,e-con Systems,camera module designer/integrator,camera modules,https://www.e-consystems.com/markets/industrial-cameras/uav-drone-camera-solutions.asp,India supplier context,unknown; not inferred from headquarters,unknown,unknown,unknown,unknown,unknown,unknown,official product/service page,not independently verified,request revision and lot documentation,requalify interface and performance; no drop-in claim,R050,2026-10-05,M
S07,LionCircuits,PCB fabrication/assembly service,PCB; PCBA,https://www.lioncircuits.com/pcb-assembly,India service evidence,unknown; not inferred from headquarters,unknown,unknown,unknown,unknown,unknown,unknown,official product/service page,not independently verified,request revision and lot documentation,requalify interface and performance; no drop-in claim,R051,2026-10-05,M
S08,Voltherm,battery pack designer/assembler claim,drone battery packs,https://www.volthermtechnologies.com/products/drone-batteries,India supplier context,unknown; not inferred from headquarters,unknown,unknown,unknown,unknown,unknown,unknown,official product/service page,not independently verified,request revision and lot documentation,requalify interface and performance; no drop-in claim,R052,2026-10-05,M
S09,Robu,retailer/reseller,drone components,https://robu.in/product-category/drone-parts/,India retail channel,unknown; not inferred from headquarters,unknown,unknown,unknown,unknown,unknown,unknown,official product/service page,not independently verified,request revision and lot documentation,requalify interface and performance; no drop-in claim,R053,2026-10-05,M
S10,STMicroelectronics,semiconductor designer/manufacturer; reference design vendor,MCU; power electronics; ESC reference,https://www.st.com/en/evaluation-tools/steval-esc001v1.html,global,unknown; not inferred from headquarters,unknown,unknown,unknown,unknown,unknown,unknown,official product/service page,not independently verified,request revision and lot documentation,requalify interface and performance; no drop-in claim,R058,2026-10-05,M
S11,Sony Semiconductor Solutions,sensor designer/manufacturer,image sensors,https://www.sony-semicon.com/en/products/is/industry/global-shutter.html,global,unknown; not inferred from headquarters,unknown,unknown,unknown,unknown,unknown,unknown,official product/service page,not independently verified,request revision and lot documentation,requalify interface and performance; no drop-in claim,R059,2026-10-05,M
S12,NVIDIA,processor/module designer/vendor,companion compute,https://www.nvidia.com/en-us/autonomous-machines/embedded-systems/jetson-orin/,global,unknown; not inferred from headquarters,unknown,unknown,unknown,unknown,unknown,unknown,official product/service page,not independently verified,request revision and lot documentation,requalify interface and performance; no drop-in claim,R060,2026-10-05,M
S13,APC,propeller manufacturer,propellers,https://www.apcprop.com/technical-information/,global,unknown; not inferred from headquarters,unknown,unknown,unknown,unknown,unknown,unknown,official product/service page,not independently verified,request revision and lot documentation,requalify interface and performance; no drop-in claim,R061,2026-10-05,M
S14,Toray Composite Materials America,material manufacturer,carbon fiber,https://www.toraycma.com/products/carbon-fiber/,global,unknown; not inferred from headquarters,unknown,unknown,unknown,unknown,unknown,unknown,official product/service page,not independently verified,request revision and lot documentation,requalify interface and performance; no drop-in claim,R062,2026-10-05,M
S15,ideaForge,aircraft designer/integrator/manufacturer claim,integrated UAV,https://ideaforgetech.com/security-and-surveillance/netra-v4-pro,India supplier context,unknown; not inferred from headquarters,unknown,unknown,unknown,unknown,unknown,unknown,official product/service page,not independently verified,request revision and lot documentation,requalify interface and performance; no drop-in claim,R064,2026-10-05,M
S16,Dhaksha,aircraft designer/integrator/manufacturer claim,agricultural UAV,https://dhakshadrones.com/products/,India supplier context,unknown; not inferred from headquarters,unknown,unknown,unknown,unknown,unknown,unknown,official product/service page,not independently verified,request revision and lot documentation,requalify interface and performance; no drop-in claim,R065,2026-10-05,M
S17,Bitcraze,research-platform designer/vendor,micro UAV; expansion ecosystem,https://www.bitcraze.io/products/crazyflie-2-1-brushless/,global,unknown; not inferred from headquarters,unknown,unknown,unknown,unknown,unknown,unknown,official product/service page,not independently verified,request revision and lot documentation,requalify interface and performance; no drop-in claim,R017,2026-10-05,M
